{"cameraMode":{"drawMode":0,"name":"Shaded","section":"Shading Mode"},"sceneLighting":true,"audioPlay":false,"sceneViewState":{"showFog":true,"showMaterialUpdate":false,"showSkybox":true,"showFlares":true,"showImageEffects":true,"showParticleSystems":true},"in2DMode":false,"pivot":{"x":-45.496002197265628,"y":20.94325065612793,"z":26.46604347229004},"rotation":{"x":-0.07423101365566254,"y":0.9257037043571472,"z":-0.2565051317214966,"w":-0.26789408922195437},"size":52.09661102294922,"orthographic":false}